,0,1,2,3,4
0,Edna Dennis,Jason Wagner,Dylan Gross,Dominic Coleman,
1,Terry McKinney,Esther Riley,Eva Casey,Alex James,
2,Allie Hawkins,Hallie Fisher,Leah Hunter,Lilly Bennett,
3,Joe Chavez,Luke Hunt,Luis Daniels,,
4,Brandon Castro,Bradley Curtis,Jonathan Webb,Josephine Barnett,
5,Maria Walsh,Kyle Barnett,Warren Gibson,Edith Boone,
6,Mollie Sparks,Brian Figueroa,Francisco Graham,Mamie Wong,
7,Luella Cummings,Michael Woods,Rosalie Romero,Max Rivera,
8,Leona Ramos,Millie Butler,Eunice Joseph,Lewis Beck,
9,Fannie Lyons,Earl Haynes,Lee Doyle,Ronald Allen,
10,Eula Warner,Martin Washington,Norman Gray,Christina Chambers,
11,Martin Roberson,Francis Wells,Lola Summers,Andre Powell,
12,Jessie Pearson,Jeanette Page,Jackson Obrien,Tom Murphy,
13,Viola Sherman,Glenn Davis,Polly Carson,Sean Hall,
14,Alan Estrada,Sean Rios,Leona Ford,Don Simon,
15,Claudia Norris,Genevieve Sherman,Joseph Erickson,Victor Davis,
16,Maud Herrera,Lewis Barnes,Ian Stevenson,Marcus Barber,
17,Garrett Lambert,Lee Alexander,Isabella Sharp,Ray Wolfe,
18,Nora Roberson,Ida Salazar,Angel McKinney,Mina Underwood,
19,Glen Hanson,Marvin Patton,Marie Schultz,Birdie Leonard,
20,Irene Tyler,Russell Simpson,Wayne Sherman,Effie Soto,Harriett McCoy
21,Charlie Stone,Violet Freeman,Eva Dixon,Timothy Miles,
22,James Ford,Tillie Curtis,Jonathan Brooks,Christine Rodgers,
23,Eva Davidson,Sophie Olson,Susie Maxwell,Albert Reese,
24,Grace Chavez,Charlotte Townsend,Sophia Wright,Ada Carter,
